filename,category
11187796.pdf,ARTS
10830646.pdf,ARTS
12386670.pdf,ARTS
14248724.pdf,BUSINESS-DEVELOPMENT
11360471.pdf,FITNESS
12413512.pdf,ARTS
14879257.pdf,ARTS
17694454.pdf,FITNESS
11995013.pdf,ARTS
16962067.pdf,TEACHER
13272204.pdf,HEALTHCARE
11555549.pdf,ARTS
17325147.pdf,ARTS
15306049.pdf,ARTS
12334650.pdf,ARTS
12777487.pdf,ARTS
14150896.pdf,ARTS
16887936.pdf,PUBLIC-RELATIONS
17857644.pdf,ARTS
16244633.pdf,ARTS
17033567.pdf,FITNESS
15265464.pdf,TEACHER
21867728.pdf,ARTS
23139437.pdf,SALES
18106533.pdf,ARTS
19724031.pdf,HEALTHCARE
20356750.pdf,SALES
22848179.pdf,ARTS
21060367.pdf,CHEF
22800977.pdf,ARTS
20149476.pdf,ARTS
19671909.pdf,ARTS
21809601.pdf,ARTS
20488267.pdf,ARTS
22593054.pdf,CONSULTANT
22182279.pdf,AGRICULTURE
18586076.pdf,ARTS
18319061.pdf,ARTS
18885767.pdf,ARTS
20698469.pdf,ARTS
19508520.pdf,ARTS
20148147.pdf,ARTS
18029935.pdf,ARTS
24349611.pdf,ARTS
27715131.pdf,ARTS
23752500.pdf,ARTS
28471099.pdf,ARTS
27024099.pdf,ARTS
25923361.pdf,ARTS
25157655.pdf,ARTS
26410763.pdf,ARTS
24983760.pdf,ARTS
27096796.pdf,ARTS
27164756.pdf,ARTS
26069113.pdf,ARTS
26079779.pdf,ARTS
27936502.pdf,ARTS
24061629.pdf,HEALTHCARE
28325193.pdf,ARTS
23917826.pdf,ARTS
25561640.pdf,ARTS
25926667.pdf,ARTS
28629430.pdf,DESIGNER
32794700.pdf,ARTS
31273413.pdf,ARTS
30594821.pdf,ARTS
31114531.pdf,ARTS
32318506.pdf,ARTS
37220856.pdf,ARTS
36019469.pdf,ARTS
28711616.pdf,ARTS
36758947.pdf,ARTS
34146825.pdf,SALES
33344933.pdf,ARTS
29148871.pdf,ARTS
36379931.pdf,ARTS
34304175.pdf,ARTS
54180474.pdf,TEACHER
39064638.pdf,ARTS
54100393.pdf,ARTS
38115035.pdf,ARTS
46055835.pdf,ARTS
53227466.pdf,ARTS
43622023.pdf,ARTS
39608848.pdf,ARTS
65352424.pdf,ARTS
37751611.pdf,ARTS
65325317.pdf,ARTS
73030450.pdf,ENGINEERING
39470264.pdf,ARTS
50432401.pdf,ARTS
41950126.pdf,ARTS
66226673.pdf,ARTS
37472265.pdf,ARTS
14455622.pdf,AUTOMOBILE
99561379.pdf,ARTS
73497035.pdf,HR
11887930.pdf,AUTOMOBILE
78107631.pdf,ARTS
93576192.pdf,ARTS
11152490.pdf,BANKING
99033098.pdf,ARTS
83338413.pdf,ARTS
11797122.pdf,AUTOMOBILE
83206166.pdf,ARTS
14508237.pdf,AUTOMOBILE
79432080.pdf,TEACHER
11257723.pdf,AUTOMOBILE
94230796.pdf,AGRICULTURE
18448085.pdf,ENGINEERING
23009962.pdf,CONSULTANT
22732234.pdf,AUTOMOBILE
15484011.pdf,AUTOMOBILE
16332293.pdf,SALES
15790602.pdf,BUSINESS-DEVELOPMENT
17571262.pdf,AUTOMOBILE
22452756.pdf,AUTOMOBILE
15210069.pdf,ADVOCATE
15100547.pdf,AUTOMOBILE
23522150.pdf,AUTOMOBILE
22946204.pdf,AUTOMOBILE
24592627.pdf,AUTOMOBILE
17510973.pdf,AUTOMOBILE
18932512.pdf,AUTOMOBILE
24703983.pdf,ACCOUNTANT
63989974.pdf,AUTOMOBILE
51508889.pdf,AUTOMOBILE
28790806.pdf,AUTOMOBILE
25047127.pdf,SALES
47487091.pdf,AUTOMOBILE
78357954.pdf,SALES
32109048.pdf,AUTOMOBILE
32069695.pdf,AUTOMOBILE
84295343.pdf,AUTOMOBILE
82140102.pdf,AUTOMOBILE
91515108.pdf,AUTOMOBILE
26341645.pdf,HR
99680385.pdf,AUTOMOBILE
10189110.pdf,AVIATION
97449528.pdf,AUTOMOBILE
12021752.pdf,BANKING
10909673.pdf,BANKING
11637468.pdf,BANKING
17276884.pdf,BANKING
13173522.pdf,BANKING
16300459.pdf,INFORMATION-TECHNOLOGY
11262933.pdf,BANKING
11842348.pdf,BANKING
11065180.pdf,BANKING
17213671.pdf,BANKING
14391434.pdf,CONSULTANT
17131084.pdf,BANKING
16407619.pdf,BANKING
13982572.pdf,BANKING
17189156.pdf,BANKING
15856762.pdf,BANKING
10329506.pdf,BANKING
11773925.pdf,BUSINESS-DEVELOPMENT
11266906.pdf,BANKING
14626780.pdf,BANKING
15553584.pdf,BANKING
13393401.pdf,BANKING
11672279.pdf,BANKING
18172739.pdf,BANKING
18278509.pdf,BANKING
18369400.pdf,BANKING
18208580.pdf,BANKING
18805506.pdf,BANKING
18824120.pdf,BANKING
18457785.pdf,BANKING
18645964.pdf,BANKING
17396388.pdf,BANKING
19149865.pdf,BANKING
17823436.pdf,BANKING
17818707.pdf,BANKING
19176318.pdf,FINANCE
21297521.pdf,BANKING
19911786.pdf,BANKING
19920687.pdf,BANKING
20850529.pdf,BANKING
21756639.pdf,BANKING
20992320.pdf,BANKING
21645690.pdf,BUSINESS-DEVELOPMENT
21856577.pdf,BANKING
23323001.pdf,FINANCE
19374660.pdf,FITNESS
22615491.pdf,BANKING
19437318.pdf,BANKING
21796843.pdf,CONSULTANT
3547447.pdf,BANKING
13964744.pdf,BPO
11183737.pdf,BPO
89512321.pdf,BPO
24727739.pdf,BPO
45077654.pdf,AGRICULTURE
26829350.pdf,BPO
95625660.pdf,BPO
10235211.pdf,BUSINESS-DEVELOPMENT
18589927.pdf,BANKING
16492045.pdf,BPO
69097572.pdf,DIGITAL-MEDIA
31064969.pdf,BPO
27710853.pdf,BPO
41152404.pdf,ENGINEERING
79261033.pdf,BPO
63158213.pdf,BPO
10228751.pdf,BUSINESS-DEVELOPMENT
38707449.pdf,BPO
23933031.pdf,BPO
15573418.pdf,BPO
57706851.pdf,BPO
15145575.pdf,BPO
10289113.pdf,BUSINESS-DEVELOPMENT
30709029.pdf,SALES
19362586.pdf,BANKING
10704573.pdf,BUSINESS-DEVELOPMENT
14287992.pdf,BUSINESS-DEVELOPMENT
13199813.pdf,BUSINESS-DEVELOPMENT
12377803.pdf,BUSINESS-DEVELOPMENT
12059198.pdf,BUSINESS-DEVELOPMENT
14055971.pdf,BUSINESS-DEVELOPMENT
12814706.pdf,BUSINESS-DEVELOPMENT
11551946.pdf,BUSINESS-DEVELOPMENT
13574264.pdf,BUSINESS-DEVELOPMENT
14070138.pdf,BUSINESS-DEVELOPMENT
10541358.pdf,BUSINESS-DEVELOPMENT
10501991.pdf,BUSINESS-DEVELOPMENT
14241621.pdf,SALES
11088337.pdf,BUSINESS-DEVELOPMENT
13888506.pdf,BUSINESS-DEVELOPMENT
13080868.pdf,BUSINESS-DEVELOPMENT
12546838.pdf,BUSINESS-DEVELOPMENT
12230301.pdf,BUSINESS-DEVELOPMENT
11289482.pdf,BUSINESS-DEVELOPMENT
12632728.pdf,BUSINESS-DEVELOPMENT
14726000.pdf,BUSINESS-DEVELOPMENT
14990354.pdf,BUSINESS-DEVELOPMENT
14871762.pdf,BUSINESS-DEVELOPMENT
18293620.pdf,BUSINESS-DEVELOPMENT
18236085.pdf,BUSINESS-DEVELOPMENT
16519708.pdf,BUSINESS-DEVELOPMENT
18757174.pdf,BUSINESS-DEVELOPMENT
17602815.pdf,BUSINESS-DEVELOPMENT
14861855.pdf,BUSINESS-DEVELOPMENT
16694152.pdf,BUSINESS-DEVELOPMENT
16846478.pdf,BUSINESS-DEVELOPMENT
14752209.pdf,BUSINESS-DEVELOPMENT
17095812.pdf,BUSINESS-DEVELOPMENT
18311419.pdf,BUSINESS-DEVELOPMENT
17115815.pdf,BUSINESS-DEVELOPMENT
17597372.pdf,CONSULTANT
17421910.pdf,BUSINESS-DEVELOPMENT
16091352.pdf,BUSINESS-DEVELOPMENT
15233524.pdf,BUSINESS-DEVELOPMENT
15811992.pdf,BUSINESS-DEVELOPMENT
17730889.pdf,BUSINESS-DEVELOPMENT
14825300.pdf,BUSINESS-DEVELOPMENT
15423153.pdf,BUSINESS-DEVELOPMENT
19738730.pdf,CHEF
20317319.pdf,BUSINESS-DEVELOPMENT
18937778.pdf,BUSINESS-DEVELOPMENT
19557384.pdf,BUSINESS-DEVELOPMENT
13212436.pdf,CHEF
14663897.pdf,CHEF
11121498.pdf,CHEF
15180322.pdf,CHEF
10653119.pdf,CHEF
12717345.pdf,CHEF
11432686.pdf,APPAREL
10588874.pdf,CHEF
12254068.pdf,CHEF
13411858.pdf,CHEF
13095891.pdf,CHEF
14569498.pdf,CHEF
15354126.pdf,CHEF
10001727.pdf,CHEF
12420359.pdf,CHEF
10276858.pdf,CHEF
11209758.pdf,CHEF
10333299.pdf,CHEF
13264154.pdf,CHEF
10889157.pdf,CHEF
12155206.pdf,ACCOUNTANT
15261348.pdf,CHEF
11444536.pdf,CHEF
19268120.pdf,CHEF
19831366.pdf,CHEF
16855929.pdf,CHEF
21101152.pdf,CHEF
21511817.pdf,CHEF
16924102.pdf,CHEF
16066857.pdf,CHEF
19007667.pdf,CHEF
20817322.pdf,CHEF
16594812.pdf,CHEF
19951766.pdf,CHEF
16804396.pdf,CHEF
20033302.pdf,SALES
19285236.pdf,CHEF
18825446.pdf,CHEF
20321582.pdf,CHEF
21611637.pdf,CHEF
20691949.pdf,CHEF
18480859.pdf,CHEF
16248476.pdf,CHEF
18036030.pdf,CHEF
21334981.pdf,CHEF
21869994.pdf,CHEF
21622444.pdf,CHEF
22561438.pdf,CHEF
22349169.pdf,CHEF
21904897.pdf,CHEF
10820510.pdf,CONSTRUCTION
12839152.pdf,CONSTRUCTION
10734870.pdf,CONSTRUCTION
12826414.pdf,CONSTRUCTION
12695537.pdf,CONSTRUCTION
10100240.pdf,CONSTRUCTION
12654876.pdf,CONSTRUCTION
12491898.pdf,CONSTRUCTION
10281555.pdf,CONSTRUCTION
11650031.pdf,CONSTRUCTION
12212468.pdf,CONSTRUCTION
11393213.pdf,CONSTRUCTION
10176013.pdf,CONSTRUCTION
10149490.pdf,CONSTRUCTION
12693146.pdf,CONSTRUCTION
12666174.pdf,CONSTRUCTION
10041713.pdf,CONSTRUCTION
16378091.pdf,CONSTRUCTION
17570634.pdf,CONSTRUCTION
15564893.pdf,CONSTRUCTION
17342969.pdf,CONSTRUCTION
16626724.pdf,CONSTRUCTION
19471144.pdf,CONSTRUCTION
16353584.pdf,CONSTRUCTION
14849103.pdf,CONSTRUCTION
18472240.pdf,CONSTRUCTION
16203589.pdf,CONSTRUCTION
13907230.pdf,CONSTRUCTION
15721849.pdf,CONSTRUCTION
21363048.pdf,CONSTRUCTION
12890045.pdf,CONSTRUCTION
19928941.pdf,CONSTRUCTION
18882984.pdf,CONSTRUCTION
19364677.pdf,CONSTRUCTION
20565849.pdf,CONSTRUCTION
14900898.pdf,CONSTRUCTION
16924279.pdf,CONSTRUCTION
17252448.pdf,CONSTRUCTION
20681037.pdf,CONSTRUCTION
14585273.pdf,CONSTRUCTION
22965804.pdf,CONSTRUCTION
21782152.pdf,CONSTRUCTION
22546476.pdf,CONSTRUCTION
22019500.pdf,CONSTRUCTION
22718826.pdf,CONSTRUCTION
21586858.pdf,CONSTRUCTION
21567392.pdf,CONSTRUCTION
22983516.pdf,CONSTRUCTION
22894544.pdf,CONSTRUCTION
23818675.pdf,CONSTRUCTION
10332998.pdf,CONSULTANT
11020140.pdf,CONSULTANT
10984392.pdf,CONSULTANT
13454871.pdf,CONSULTANT
11835339.pdf,CONSULTANT
12897903.pdf,CONSULTANT
14517953.pdf,CONSULTANT
13215696.pdf,CONSULTANT
17025292.pdf,CONSULTANT
15433732.pdf,CONSULTANT
11415967.pdf,CONSULTANT
12251115.pdf,CONSULTANT
11333660.pdf,CONSULTANT
14593060.pdf,CONSULTANT
12955994.pdf,HEALTHCARE
18079050.pdf,ACCOUNTANT
13569152.pdf,CONSULTANT
15602094.pdf,CONSULTANT
12526702.pdf,ENGINEERING
13586069.pdf,HEALTHCARE
17307206.pdf,CONSULTANT
15281412.pdf,CONSULTANT
15535920.pdf,CONSULTANT
15083600.pdf,CONSULTANT
12374933.pdf,CONSULTANT
16964217.pdf,CONSULTANT
15119529.pdf,BUSINESS-DEVELOPMENT
17983957.pdf,CONSULTANT
13313917.pdf,CONSULTANT
14346702.pdf,CONSULTANT
18227306.pdf,CONSULTANT
15699744.pdf,CONSULTANT
20574232.pdf,CONSULTANT
24828381.pdf,CONSULTANT
19161572.pdf,CONSULTANT
21156767.pdf,CONSULTANT
22485475.pdf,CONSULTANT
20314980.pdf,CONSULTANT
22259768.pdf,CONSULTANT
19936735.pdf,CONSULTANT
22571461.pdf,HR
18856440.pdf,HEALTHCARE
21366189.pdf,CONSULTANT
22351830.pdf,CONSULTANT
21568833.pdf,FINANCE
24643412.pdf,CONSULTANT
23302948.pdf,CONSULTANT
22556198.pdf,CONSULTANT
20176584.pdf,CONSULTANT
21512769.pdf,CONSULTANT
10466583.pdf,DESIGNER
10751444.pdf,DESIGNER
11155153.pdf,DESIGNER
11722421.pdf,DESIGNER
10748989.pdf,DESIGNER
18460045.pdf,DESIGNER
12674307.pdf,DESIGNER
11958994.pdf,DESIGNER
15471999.pdf,APPAREL
11807040.pdf,DESIGNER
15936656.pdf,DESIGNER
16288901.pdf,DESIGNER
12547982.pdf,DESIGNER
17199951.pdf,DESIGNER
14724186.pdf,DESIGNER
13998435.pdf,DESIGNER
14014749.pdf,DESIGNER
13518263.pdf,DESIGNER
11919526.pdf,DESIGNER
14743911.pdf,DESIGNER
18795567.pdf,DESIGNER
13014900.pdf,DESIGNER
17555081.pdf,DESIGNER
18198627.pdf,DESIGNER
18835363.pdf,DESIGNER
14528265.pdf,DESIGNER
15425154.pdf,DESIGNER
13774329.pdf,DESIGNER
12415691.pdf,DESIGNER
13557622.pdf,DESIGNER
24455357.pdf,DESIGNER
24285142.pdf,DESIGNER
22567495.pdf,DESIGNER
21916744.pdf,DESIGNER
22496394.pdf,DESIGNER
23951429.pdf,DESIGNER
19195747.pdf,DESIGNER
22506245.pdf,DESIGNER
24655918.pdf,DESIGNER
21283733.pdf,DESIGNER
22675694.pdf,DESIGNER
21705160.pdf,DESIGNER
20748926.pdf,DESIGNER
18979238.pdf,DESIGNER
24583187.pdf,DESIGNER
20986595.pdf,DESIGNER
20932019.pdf,DESIGNER
20390397.pdf,DESIGNER
25023614.pdf,DESIGNER
19164410.pdf,APPAREL
15484097.pdf,DIGITAL-MEDIA
12085736.pdf,DIGITAL-MEDIA
17584743.pdf,DIGITAL-MEDIA
14945250.pdf,DIGITAL-MEDIA
17562754.pdf,DIGITAL-MEDIA
14036515.pdf,DIGITAL-MEDIA
16509761.pdf,DIGITAL-MEDIA
15226699.pdf,ENGINEERING
11270462.pdf,PUBLIC-RELATIONS
13328680.pdf,DIGITAL-MEDIA
14761906.pdf,DIGITAL-MEDIA
16276121.pdf,DIGITAL-MEDIA
10515955.pdf,DIGITAL-MEDIA
15353911.pdf,DIGITAL-MEDIA
18354623.pdf,DIGITAL-MEDIA
18442517.pdf,DIGITAL-MEDIA
13837784.pdf,DIGITAL-MEDIA
13343786.pdf,HR
14556869.pdf,DIGITAL-MEDIA
13503650.pdf,DIGITAL-MEDIA
17132168.pdf,DIGITAL-MEDIA
14771530.pdf,DIGITAL-MEDIA
16536141.pdf,DIGITAL-MEDIA
14209965.pdf,DIGITAL-MEDIA
11005406.pdf,DIGITAL-MEDIA
16893572.pdf,DIGITAL-MEDIA
11677012.pdf,ARTS
10005171.pdf,DIGITAL-MEDIA
17432318.pdf,DIGITAL-MEDIA
23864858.pdf,DIGITAL-MEDIA
23085604.pdf,DIGITAL-MEDIA
18905648.pdf,SALES
19053815.pdf,DIGITAL-MEDIA
22706174.pdf,DIGITAL-MEDIA
20490741.pdf,DIGITAL-MEDIA
24658786.pdf,DIGITAL-MEDIA
24574164.pdf,DIGITAL-MEDIA
19444529.pdf,DIGITAL-MEDIA
22380187.pdf,DIGITAL-MEDIA
21125113.pdf,DIGITAL-MEDIA
23810469.pdf,DIGITAL-MEDIA
18501746.pdf,DIGITAL-MEDIA
18900722.pdf,DIGITAL-MEDIA
20210676.pdf,DIGITAL-MEDIA
20628003.pdf,SALES
19861776.pdf,DIGITAL-MEDIA
20330739.pdf,DIGITAL-MEDIA
18488289.pdf,DIGITAL-MEDIA
18525641.pdf,DIGITAL-MEDIA
18927233.pdf,DIGITAL-MEDIA
10219099.pdf,ENGINEERING
12011623.pdf,ENGINEERING
12488356.pdf,ENGINEERING
10030015.pdf,ENGINEERING
14049846.pdf,ENGINEERING
13264796.pdf,BANKING
12748557.pdf,ENGINEERING
10985403.pdf,ENGINEERING
10712803.pdf,ENGINEERING
11890896.pdf,INFORMATION-TECHNOLOGY
10624813.pdf,ENGINEERING
12518008.pdf,ENGINEERING
12022566.pdf,ENGINEERING
13149176.pdf,ENGINEERING
12472574.pdf,ENGINEERING
14206561.pdf,ENGINEERING
11981094.pdf,ENGINEERING
17926546.pdf,ENGINEERING
14554542.pdf,AVIATION
20981299.pdf,ENGINEERING
19396040.pdf,ENGINEERING
15139979.pdf,ENGINEERING
17488801.pdf,ENGINEERING
20566550.pdf,ENGINEERING
16803215.pdf,ENGINEERING
17103000.pdf,ENGINEERING
19397727.pdf,ENGINEERING
19124258.pdf,ENGINEERING
15941675.pdf,ENGINEERING
20882041.pdf,ENGINEERING
18753367.pdf,ENGINEERING
21629057.pdf,ENGINEERING
17043822.pdf,ENGINEERING
19612167.pdf,ENGINEERING
21298336.pdf,ENGINEERING
19553067.pdf,ACCOUNTANT
21038022.pdf,ENGINEERING
17108676.pdf,ENGINEERING
15601399.pdf,ENGINEERING
15858254.pdf,ENGINEERING
16911115.pdf,ENGINEERING
24322804.pdf,ENGINEERING
23234047.pdf,ENGINEERING
23438227.pdf,ENGINEERING
22890839.pdf,ENGINEERING
22605864.pdf,ENGINEERING
21847415.pdf,ENGINEERING
24647794.pdf,ENGINEERING
23497307.pdf,ENGINEERING
21807224.pdf,ENGINEERING
